id,x,y,deg
008_0,s1.508341187691,s0.211984202288,s397.252340384738
008_1,s0.259124421413,s1.468734223287,s293.381755485140
008_2,s0.745254436223,s1.075024603739,s-25.711360951343
008_3,s1.408437746189,s1.582353970370,s156.012649967246
008_4,s0.401668354341,s0.697564938751,s389.824150358587
008_5,s0.738837317488,s0.652134872396,s215.851266460518
008_6,s1.473427053511,s0.771277791916,s-23.777641683642
008_7,s0.217351979059,s0.328976593573,s249.802128073411
