id,x,y,deg
002_0,s0.635140944566,s0.217741022383,s336.464083756869
002_1,s0.322323667517,s0.740797473411,s156.373110116078
