id,x,y,deg
009_0,s0.337056929409,s1.696614498963,s161.494350732938
009_1,s0.700275930981,s1.208969868975,s119.269383909759
009_2,s0.220226459995,s0.335125870598,s245.758150685418
009_3,s1.259071109930,s0.801995879753,s387.460117395244
009_4,s1.070630007102,s0.341323853953,s249.390486910452
009_5,s1.569128901847,s0.723634348493,s205.901393095230
009_6,s0.851110479281,s0.587168269664,s73.864928757625
009_7,s1.124535973558,s1.592974421739,s291.745405525229
009_8,s1.595267171623,s1.173265110785,s337.155052487975
