id,x,y,deg
005_0,s0.266250811537,s0.336697319802,s246.470095783490
005_1,s0.321957758644,s1.118849273940,s156.461792073335
005_2,s1.126109188886,s0.213641717111,s337.581819790285
005_3,s0.907999696359,s0.610227896896,s23.716153032822
005_4,s1.236294831900,s1.127834030551,s66.435014938788
