id,x,y,deg
003_0,s0.724367653100,s0.340437497808,s115.148466998108
003_1,s0.326577028387,s0.855692359078,s158.569938048357
003_2,s0.821519148657,s0.928920585271,s203.751804923556
