id,x,y,deg
006_0,s0.853142131314,s1.050450403741,s117.008825314959
006_1,s0.322314917970,s1.347336269608,s156.449181843654
006_2,s1.348456055535,s1.239105010219,s66.634929672403
006_3,s1.172370281201,s0.814951254328,s205.860479755183
006_4,s0.210335145364,s0.303241418572,s306.636347517782
006_5,s0.770080662259,s0.321519491507,s246.629941301081
