id,x,y,deg
004_0,s0.970276476061,s1.081255970503,s203.636455251495
004_1,s0.332585382470,s1.080283015041,s203.501093986949
004_2,s0.962301463838,s0.213892242146,s23.532623945759
004_3,s0.321228239863,s0.213338092585,s23.394178768542
