id,x,y,deg
007_0,s0.214356273839,s0.334871060264,s294.880774857285
007_1,s1.075397515550,s0.337330399929,s114.773355414174
007_2,s1.372114729947,s1.507506632846,s174.967050435236
007_3,s0.325369681513,s1.377338652680,s156.834147762543
007_4,s0.584394009938,s0.942415687004,s249.449110111175
007_5,s0.766909427486,s1.514041515075,s214.769446464570
007_6,s1.399395259318,s0.415750167061,s336.651604512920
